
Running at Sun Jun 22 16:09:51 UTC 2025
Running at Mon Jun 23 04:41:17 UTC 2025
Running at Tue Jun 24 04:37:22 UTC 2025
Running at Wed Jun 25 04:37:22 UTC 2025
Running at Thu Jun 26 04:37:21 UTC 2025
Running at Fri Jun 27 04:36:28 UTC 2025
Running at Sat Jun 28 04:35:09 UTC 2025
Running at Sun Jun 29 04:42:48 UTC 2025
Running at Mon Jun 30 04:40:33 UTC 2025
Running at Tue Jul  1 04:44:16 UTC 2025
Running at Wed Jul  2 04:37:11 UTC 2025
Running at Thu Jul  3 04:39:58 UTC 2025
Running at Fri Jul  4 04:37:33 UTC 2025
Running at Sat Jul  5 04:34:46 UTC 2025
Running at Sun Jul  6 04:39:42 UTC 2025
Running at Mon Jul  7 04:41:38 UTC 2025
Running at Tue Jul  8 04:37:32 UTC 2025
Running at Wed Jul  9 04:41:38 UTC 2025
Running at Thu Jul 10 04:39:44 UTC 2025
Running at Fri Jul 11 04:43:42 UTC 2025
Running at Sat Jul 12 04:38:32 UTC 2025
Running at Sun Jul 13 04:43:38 UTC 2025
Running at Mon Jul 14 04:48:45 UTC 2025
Running at Tue Jul 15 04:46:25 UTC 2025
Running at Wed Jul 16 04:45:30 UTC 2025
Running at Thu Jul 17 04:45:35 UTC 2025
Running at Fri Jul 18 04:47:48 UTC 2025
Running at Sat Jul 19 04:38:47 UTC 2025
Running at Sun Jul 20 04:49:14 UTC 2025
Running at Mon Jul 21 04:50:43 UTC 2025
Running at Tue Jul 22 04:46:39 UTC 2025
Running at Wed Jul 23 04:48:47 UTC 2025
Running at Thu Jul 24 04:47:15 UTC 2025
Running at Fri Jul 25 04:47:06 UTC 2025
Running at Sat Jul 26 04:42:33 UTC 2025
Running at Sun Jul 27 04:50:55 UTC 2025
Running at Mon Jul 28 04:53:18 UTC 2025
Running at Tue Jul 29 04:53:25 UTC 2025
Running at Wed Jul 30 04:51:48 UTC 2025
Running at Thu Jul 31 04:50:14 UTC 2025
Running at Fri Aug  1 04:58:29 UTC 2025
Running at Sat Aug  2 04:42:19 UTC 2025
Running at Sun Aug  3 04:54:06 UTC 2025
Running at Mon Aug  4 05:02:20 UTC 2025
Running at Tue Aug  5 04:54:54 UTC 2025
Running at Wed Aug  6 04:52:48 UTC 2025
Running at Thu Aug  7 04:52:44 UTC 2025
Running at Fri Aug  8 04:52:27 UTC 2025
Running at Sat Aug  9 04:37:08 UTC 2025
Running at Sun Aug 10 04:47:51 UTC 2025
Running at Mon Aug 11 04:51:31 UTC 2025
Running at Tue Aug 12 04:36:33 UTC 2025
Running at Wed Aug 13 04:38:13 UTC 2025
Running at Thu Aug 14 04:37:33 UTC 2025
Running at Fri Aug 15 04:38:13 UTC 2025
Running at Sat Aug 16 04:34:18 UTC 2025
Running at Sun Aug 17 04:39:32 UTC 2025
Running at Mon Aug 18 04:46:01 UTC 2025
Running at Tue Aug 19 04:32:14 UTC 2025
Running at Wed Aug 20 04:32:38 UTC 2025
Running at Thu Aug 21 04:32:02 UTC 2025
Running at Fri Aug 22 04:31:10 UTC 2025
Running at Sat Aug 23 04:30:58 UTC 2025
Running at Sun Aug 24 04:33:54 UTC 2025
Running at Mon Aug 25 04:35:41 UTC 2025
Running at Tue Aug 26 04:32:24 UTC 2025
Running at Wed Aug 27 04:31:17 UTC 2025
Running at Thu Aug 28 04:30:55 UTC 2025
Running at Fri Aug 29 04:31:05 UTC 2025
Running at Sat Aug 30 04:29:03 UTC 2025
Running at Sun Aug 31 04:29:46 UTC 2025
Running at Mon Sep  1 04:36:07 UTC 2025
Running at Tue Sep  2 04:31:45 UTC 2025
Running at Wed Sep  3 04:30:12 UTC 2025
Running at Thu Sep  4 04:29:26 UTC 2025
Running at Fri Sep  5 04:30:18 UTC 2025
Running at Sat Sep  6 04:29:05 UTC 2025
Running at Sun Sep  7 04:29:05 UTC 2025
Running at Mon Sep  8 04:32:08 UTC 2025
Running at Tue Sep  9 04:30:55 UTC 2025
Running at Wed Sep 10 04:29:25 UTC 2025
Running at Thu Sep 11 04:30:23 UTC 2025
Running at Fri Sep 12 04:29:15 UTC 2025
Running at Sat Sep 13 04:28:36 UTC 2025
Running at Sun Sep 14 04:28:59 UTC 2025
Running at Mon Sep 15 04:31:43 UTC 2025
Running at Tue Sep 16 04:29:43 UTC 2025
Running at Wed Sep 17 04:30:03 UTC 2025
Running at Thu Sep 18 04:30:24 UTC 2025
Running at Fri Sep 19 04:30:26 UTC 2025
Running at Sat Sep 20 04:29:54 UTC 2025
Running at Sun Sep 21 04:29:39 UTC 2025
Running at Mon Sep 22 04:30:45 UTC 2025
Running at Tue Sep 23 04:30:37 UTC 2025
Running at Wed Sep 24 04:30:03 UTC 2025
Running at Thu Sep 25 04:30:57 UTC 2025
Running at Fri Sep 26 04:31:03 UTC 2025
Running at Sat Sep 27 04:29:33 UTC 2025
Running at Sun Sep 28 04:29:37 UTC 2025
Running at Mon Sep 29 04:31:31 UTC 2025
Running at Tue Sep 30 04:30:54 UTC 2025
Running at Wed Oct  1 04:31:24 UTC 2025
Running at Thu Oct  2 04:29:44 UTC 2025
Running at Fri Oct  3 04:29:27 UTC 2025
Running at Sat Oct  4 04:28:50 UTC 2025
Running at Sun Oct  5 04:28:22 UTC 2025
Running at Mon Oct  6 04:30:01 UTC 2025
Running at Tue Oct  7 04:30:34 UTC 2025
Running at Wed Oct  8 04:30:32 UTC 2025
Running at Thu Oct  9 04:30:47 UTC 2025
Running at Fri Oct 10 04:30:21 UTC 2025
Running at Sat Oct 11 04:28:43 UTC 2025
Running at Sun Oct 12 04:29:28 UTC 2025
Running at Mon Oct 13 04:32:00 UTC 2025
Running at Tue Oct 14 04:30:50 UTC 2025
Running at Wed Oct 15 04:30:54 UTC 2025
Running at Thu Oct 16 04:30:23 UTC 2025
Running at Fri Oct 17 04:31:20 UTC 2025
Running at Sat Oct 18 04:29:15 UTC 2025
Running at Sun Oct 19 04:31:31 UTC 2025
Running at Mon Oct 20 04:32:51 UTC 2025
Running at Tue Oct 21 04:31:36 UTC 2025
Running at Wed Oct 22 04:32:17 UTC 2025
Running at Thu Oct 23 04:31:06 UTC 2025
Running at Fri Oct 24 04:30:46 UTC 2025
Running at Sat Oct 25 04:29:59 UTC 2025
Running at Sun Oct 26 04:30:22 UTC 2025
Running at Mon Oct 27 04:37:02 UTC 2025
Running at Tue Oct 28 04:31:54 UTC 2025
Running at Wed Oct 29 04:34:48 UTC 2025
Running at Thu Oct 30 04:31:22 UTC 2025
Running at Fri Oct 31 04:33:22 UTC 2025
Running at Sat Nov  1 04:29:31 UTC 2025
Running at Sun Nov  2 04:31:04 UTC 2025
Running at Mon Nov  3 04:35:55 UTC 2025
Running at Tue Nov  4 04:31:53 UTC 2025
Running at Wed Nov  5 04:32:37 UTC 2025
Running at Thu Nov  6 04:35:04 UTC 2025
Running at Fri Nov  7 04:32:02 UTC 2025
Running at Sat Nov  8 04:30:18 UTC 2025
Running at Sun Nov  9 04:31:03 UTC 2025
Running at Mon Nov 10 04:35:26 UTC 2025
Running at Tue Nov 11 04:33:13 UTC 2025
Running at Wed Nov 12 04:33:49 UTC 2025
Running at Thu Nov 13 04:33:59 UTC 2025
Running at Fri Nov 14 04:32:33 UTC 2025
Running at Sat Nov 15 04:31:04 UTC 2025
Running at Sun Nov 16 04:33:36 UTC 2025
